video_id,event_idx,clip_path,fps,clip_start_sec,t_sec,orig_frame,y_state,f_dist,f_ov,p_gap,rep_bbox_x1,rep_bbox_y1,rep_bbox_x2,rep_bbox_y2,rep_conf,rep_policy,event_policy,cand_window_sec,hold_det,drop_other_events
E01_016,0,data/clips/E01_016/ev00_f2077-2309_50s.mp4,30.000000,48.100000,0.000000,1443,0,0.000000,0.000000,1.000000,1640.341,228.944,1665.201,289.732,0.737909,max_f_ov,first,3.000,True,True
E01_016,0,data/clips/E01_016/ev00_f2077-2309_50s.mp4,30.000000,48.100000,0.100000,1446,0,0.000000,0.000000,1.000000,1638.524,227.026,1661.794,290.904,0.734484,max_f_ov,first,3.000,True,True
E01_016,0,data/clips/E01_016/ev00_f2077-2309_50s.mp4,30.000000,48.100000,0.200000,1449,0,0.000000,0.000000,1.000000,1637.952,226.277,1657.210,286.507,0.686678,max_f_ov,first,3.000,True,True
E01_016,0,data/clips/E01_016/ev00_f2077-2309_50s.mp4,30.000000,48.100000,0.300000,1452,0,0.000000,0.000000,1.000000,1632.931,226.714,1653.881,285.094,0.643602,max_f_ov,first,3.000,True,True
E01_016,0,data/clips/E01_016/ev00_f2077-2309_50s.mp4,30.000000,48.100000,0.400000,1455,0,0.000000,0.000000,1.000000,1625.192,223.646,1649.788,284.347,0.565840,max_f_ov,first,3.000,True,True
E01_016,0,data/clips/E01_016/ev00_f2077-2309_50s.mp4,30.000000,48.100000,0.500000,1458,0,0.000000,0.000000,1.000000,1621.871,223.123,1646.495,284.532,0.550859,max_f_ov,first,3.000,True,True
E01_016,0,data/clips/E01_016/ev00_f2077-2309_50s.mp4,30.000000,48.100000,0.600000,1461,0,0.000000,0.000000,1.000000,1617.911,224.124,1641.634,284.179,0.605674,max_f_ov,first,3.000,True,True
E01_016,0,data/clips/E01_016/ev00_f2077-2309_50s.mp4,30.000000,48.100000,0.700000,1464,0,0.000000,0.000000,1.000000,1616.050,222.000,1637.287,279.410,0.635930,max_f_ov,first,3.000,True,True
E01_016,0,data/clips/E01_016/ev00_f2077-2309_50s.mp4,30.000000,48.100000,0.800000,1467,0,0.000000,0.000000,1.000000,1613.032,218.329,1633.017,272.750,0.710871,max_f_ov,first,3.000,True,True
E01_016,0,data/clips/E01_016/ev00_f2077-2309_50s.mp4,30.000000,48.100000,0.900000,1470,0,0.000000,0.000000,1.000000,1608.107,219.230,1627.762,272.490,0.689377,max_f_ov,first,3.000,True,True
E01_016,0,data/clips/E01_016/ev00_f2077-2309_50s.mp4,30.000000,48.100000,1.000000,1473,0,0.000000,0.000000,1.000000,1603.998,219.967,1623.708,271.782,0.689350,max_f_ov,first,3.000,True,True
E01_016,0,data/clips/E01_016/ev00_f2077-2309_50s.mp4,30.000000,48.100000,1.100000,1476,0,0.000000,0.000000,1.000000,1600.073,221.457,1621.895,269.497,0.660791,max_f_ov,first,3.000,True,True
E01_016,0,data/clips/E01_016/ev00_f2077-2309_50s.mp4,30.000000,48.100000,1.200000,1479,0,0.000000,0.000000,1.000000,1594.949,218.614,1616.946,265.157,0.606491,max_f_ov,first,3.000,True,True
E01_016,0,data/clips/E01_016/ev00_f2077-2309_50s.mp4,30.000000,48.100000,1.300000,1482,0,0.000000,0.000000,1.000000,1592.872,217.098,1612.305,264.235,0.621382,max_f_ov,first,3.000,True,True
E01_016,0,data/clips/E01_016/ev00_f2077-2309_50s.mp4,30.000000,48.100000,1.400000,1485,0,0.000000,0.000000,1.000000,1588.068,216.163,1607.945,262.910,0.381808,max_f_ov,first,3.000,True,True
E01_016,0,data/clips/E01_016/ev00_f2077-2309_50s.mp4,30.000000,48.100000,1.500000,1488,0,0.000000,0.000000,1.000000,1584.350,216.109,1605.094,262.674,0.680659,max_f_ov,first,3.000,True,True
E01_016,0,data/clips/E01_016/ev00_f2077-2309_50s.mp4,30.000000,48.100000,1.600000,1491,0,0.000000,0.000000,1.000000,1580.240,216.622,1599.001,260.211,0.539921,max_f_ov,first,3.000,True,True
E01_016,0,data/clips/E01_016/ev00_f2077-2309_50s.mp4,30.000000,48.100000,1.900000,1500,0,0.000000,0.000000,1.000000,1566.866,211.720,1584.640,250.620,0.306883,max_f_ov,first,3.000,True,True
E01_016,0,data/clips/E01_016/ev00_f2077-2309_50s.mp4,30.000000,48.100000,2.000000,1503,0,0.000000,0.000000,1.000000,1564.048,212.400,1580.333,249.827,0.398270,max_f_ov,first,3.000,True,True
E01_016,0,data/clips/E01_016/ev00_f2077-2309_50s.mp4,30.000000,48.100000,2.700000,1524,0,0.000000,0.000000,0.000000,1239.936,975.573,1350.299,1079.000,0.825932,max_f_ov,first,3.000,True,True
E01_016,0,data/clips/E01_016/ev00_f2077-2309_50s.mp4,30.000000,48.100000,2.800000,1527,0,0.000000,0.000000,0.000000,1232.442,934.792,1353.165,1079.000,0.840504,max_f_ov,first,3.000,True,True
E01_016,0,data/clips/E01_016/ev00_f2077-2309_50s.mp4,30.000000,48.100000,2.900000,1530,0,0.000000,0.000000,0.000000,1231.551,900.157,1355.901,1079.000,0.897653,max_f_ov,first,3.000,True,True
E01_016,0,data/clips/E01_016/ev00_f2077-2309_50s.mp4,30.000000,48.100000,3.000000,1533,0,0.000000,0.000000,0.000000,1257.032,866.938,1357.911,1079.000,0.789738,max_f_ov,first,3.000,True,True
E01_016,0,data/clips/E01_016/ev00_f2077-2309_50s.mp4,30.000000,48.100000,3.100000,1536,0,0.000000,0.000000,0.000000,1259.198,837.218,1361.132,1079.000,0.663784,max_f_ov,first,3.000,True,True
E01_016,0,data/clips/E01_016/ev00_f2077-2309_50s.mp4,30.000000,48.100000,3.200000,1539,0,0.000000,0.000000,0.000000,1258.255,806.544,1368.400,1079.000,0.715573,max_f_ov,first,3.000,True,True
E01_016,0,data/clips/E01_016/ev00_f2077-2309_50s.mp4,30.000000,48.100000,3.300000,1542,0,0.000000,0.000000,0.000000,1264.978,782.022,1374.743,1061.780,0.552913,max_f_ov,first,3.000,True,True
E01_016,0,data/clips/E01_016/ev00_f2077-2309_50s.mp4,30.000000,48.100000,3.400000,1545,0,0.000000,0.000000,0.000000,1280.967,757.044,1371.563,991.717,0.677225,max_f_ov,first,3.000,True,True
E01_016,0,data/clips/E01_016/ev00_f2077-2309_50s.mp4,30.000000,48.100000,3.500000,1548,0,1.000000,1.000000,1.000000,1611.826,722.409,1713.930,928.410,0.311440,max_f_ov,first,3.000,True,True
E01_016,0,data/clips/E01_016/ev00_f2077-2309_50s.mp4,30.000000,48.100000,3.600000,1551,0,0.000000,0.000000,0.000000,1296.617,710.162,1383.958,925.031,0.326891,max_f_ov,first,3.000,True,True
E01_016,0,data/clips/E01_016/ev00_f2077-2309_50s.mp4,30.000000,48.100000,3.700000,1554,0,0.000000,0.000000,0.000000,1296.598,687.823,1391.482,919.670,0.783133,max_f_ov,first,3.000,True,True
E01_016,0,data/clips/E01_016/ev00_f2077-2309_50s.mp4,30.000000,48.100000,3.800000,1557,0,0.000000,0.000000,0.000000,1304.997,669.012,1396.540,873.063,0.786050,max_f_ov,first,3.000,True,True
E01_016,0,data/clips/E01_016/ev00_f2077-2309_50s.mp4,30.000000,48.100000,3.900000,1560,0,0.000000,0.000000,0.000000,1309.059,649.556,1400.587,843.112,0.754179,max_f_ov,first,3.000,True,True
E01_016,0,data/clips/E01_016/ev00_f2077-2309_50s.mp4,30.000000,48.100000,4.000000,1563,0,0.000000,0.000000,0.000000,1316.263,632.434,1406.113,851.926,0.736173,max_f_ov,first,3.000,True,True
E01_016,0,data/clips/E01_016/ev00_f2077-2309_50s.mp4,30.000000,48.100000,4.100000,1566,0,0.000000,0.000000,0.000000,1319.653,622.728,1408.694,828.967,0.776117,max_f_ov,first,3.000,True,True
E01_016,0,data/clips/E01_016/ev00_f2077-2309_50s.mp4,30.000000,48.100000,4.200000,1569,0,0.000000,0.000000,0.000000,1325.712,605.777,1413.825,831.642,0.575724,max_f_ov,first,3.000,True,True
E01_016,0,data/clips/E01_016/ev00_f2077-2309_50s.mp4,30.000000,48.100000,4.300000,1572,0,0.000000,0.000000,0.000000,1332.609,591.068,1416.698,798.456,0.500268,max_f_ov,first,3.000,True,True
E01_016,0,data/clips/E01_016/ev00_f2077-2309_50s.mp4,30.000000,48.100000,4.700000,1584,0,0.000000,0.000000,0.000000,1346.709,548.814,1421.569,729.438,0.460327,max_f_ov,first,3.000,True,True
E01_016,0,data/clips/E01_016/ev00_f2077-2309_50s.mp4,30.000000,48.100000,5.000000,1593,0,0.294015,0.216216,0.000000,1342.141,516.145,1415.231,686.393,0.793129,max_f_ov,first,3.000,True,True
E01_016,0,data/clips/E01_016/ev00_f2077-2309_50s.mp4,30.000000,48.100000,5.100000,1596,0,0.429458,0.446254,0.000000,1344.419,511.304,1410.904,673.481,0.694784,max_f_ov,first,3.000,True,True
E01_016,0,data/clips/E01_016/ev00_f2077-2309_50s.mp4,30.000000,48.100000,5.200000,1599,0,0.334368,0.187590,0.000000,1343.917,509.803,1408.486,679.475,0.696702,max_f_ov,first,3.000,True,True
E01_016,0,data/clips/E01_016/ev00_f2077-2309_50s.mp4,30.000000,48.100000,5.300000,1602,0,0.389106,0.539216,0.000000,1338.778,483.726,1405.206,668.697,0.721641,max_f_ov,first,3.000,True,True
E01_016,0,data/clips/E01_016/ev00_f2077-2309_50s.mp4,30.000000,48.100000,5.400000,1605,0,0.595866,1.000000,0.000000,1332.730,483.317,1401.888,643.415,0.565684,max_f_ov,first,3.000,True,True
E01_016,0,data/clips/E01_016/ev00_f2077-2309_50s.mp4,30.000000,48.100000,6.600000,1641,0,0.857365,1.000000,0.000000,1262.123,388.502,1331.806,530.247,0.556455,max_f_ov,first,3.000,True,True
E01_016,0,data/clips/E01_016/ev00_f2077-2309_50s.mp4,30.000000,48.100000,6.800000,1647,0,0.809819,1.000000,0.000000,1256.238,381.047,1321.448,524.339,0.573091,max_f_ov,first,3.000,True,True
E01_016,0,data/clips/E01_016/ev00_f2077-2309_50s.mp4,30.000000,48.100000,6.900000,1650,0,0.769467,1.000000,0.000000,1251.928,377.402,1317.297,523.130,0.735355,max_f_ov,first,3.000,True,True
E01_016,0,data/clips/E01_016/ev00_f2077-2309_50s.mp4,30.000000,48.100000,7.000000,1653,0,0.738502,1.000000,0.000000,1250.191,380.403,1315.743,522.786,0.674796,max_f_ov,first,3.000,True,True
E01_016,0,data/clips/E01_016/ev00_f2077-2309_50s.mp4,30.000000,48.100000,7.400000,1665,0,0.824205,1.000000,0.000000,1240.381,366.908,1303.286,501.342,0.454993,max_f_ov,first,3.000,True,True
E01_016,0,data/clips/E01_016/ev00_f2077-2309_50s.mp4,30.000000,48.100000,9.100000,1716,0,0.000000,0.000000,0.000000,1196.683,370.916,1269.560,542.175,0.703383,max_f_ov,first,3.000,True,True
E01_016,0,data/clips/E01_016/ev00_f2077-2309_50s.mp4,30.000000,48.100000,9.200000,1719,0,0.000000,0.000000,0.000000,1185.506,384.880,1272.144,542.009,0.439066,max_f_ov,first,3.000,True,True
E01_016,0,data/clips/E01_016/ev00_f2077-2309_50s.mp4,30.000000,48.100000,9.300000,1722,0,0.000000,0.000000,0.000000,1182.693,389.589,1243.278,537.632,0.526013,max_f_ov,first,3.000,True,True
E01_016,0,data/clips/E01_016/ev00_f2077-2309_50s.mp4,30.000000,48.100000,9.900000,1740,0,0.000000,0.000000,0.000000,1167.294,374.273,1248.457,522.874,0.749614,max_f_ov,first,3.000,True,True
E01_016,0,data/clips/E01_016/ev00_f2077-2309_50s.mp4,30.000000,48.100000,10.000000,1743,0,0.000000,0.000000,0.000000,1166.874,389.990,1247.297,531.157,0.711864,max_f_ov,first,3.000,True,True
E01_016,0,data/clips/E01_016/ev00_f2077-2309_50s.mp4,30.000000,48.100000,10.800000,1767,0,0.167960,0.000000,0.000000,1219.829,379.311,1279.345,536.229,0.343766,max_f_ov,first,3.000,True,True
E01_016,0,data/clips/E01_016/ev00_f2077-2309_50s.mp4,30.000000,48.100000,11.200000,1779,0,0.239278,0.000000,0.000000,1227.599,387.549,1282.858,535.247,0.534993,max_f_ov,first,3.000,True,True
E01_016,0,data/clips/E01_016/ev00_f2077-2309_50s.mp4,30.000000,48.100000,11.300000,1782,0,0.263050,0.000000,0.000000,1231.736,386.266,1288.674,540.080,0.481693,max_f_ov,first,3.000,True,True
E01_016,0,data/clips/E01_016/ev00_f2077-2309_50s.mp4,30.000000,48.100000,11.400000,1785,0,0.389106,0.154122,0.000000,1231.971,388.002,1292.234,530.330,0.470394,max_f_ov,first,3.000,True,True
E01_016,0,data/clips/E01_016/ev00_f2077-2309_50s.mp4,30.000000,48.100000,11.500000,1788,0,0.429458,0.353535,0.000000,1232.838,394.474,1297.725,529.756,0.775999,max_f_ov,first,3.000,True,True
E01_016,0,data/clips/E01_016/ev00_f2077-2309_50s.mp4,30.000000,48.100000,11.700000,1794,0,0.524548,1.000000,0.000000,1242.093,391.912,1313.906,536.704,0.603175,max_f_ov,first,3.000,True,True
E01_016,0,data/clips/E01_016/ev00_f2077-2309_50s.mp4,30.000000,48.100000,11.800000,1797,0,0.619639,1.000000,0.000000,1251.035,386.180,1313.312,533.162,0.668475,max_f_ov,first,3.000,True,True
E01_016,0,data/clips/E01_016/ev00_f2077-2309_50s.mp4,30.000000,48.100000,11.900000,1800,0,0.681569,1.000000,0.000000,1266.182,394.487,1312.005,536.281,0.572755,max_f_ov,first,3.000,True,True
E01_016,0,data/clips/E01_016/ev00_f2077-2309_50s.mp4,30.000000,48.100000,12.600000,1821,0,0.952455,1.000000,0.000000,1272.163,381.938,1337.168,531.097,0.636140,max_f_ov,first,3.000,True,True
E01_016,0,data/clips/E01_016/ev00_f2077-2309_50s.mp4,30.000000,48.100000,12.800000,1827,0,0.935875,1.000000,0.000000,1272.226,382.270,1337.173,531.746,0.312718,max_f_ov,first,3.000,True,True
E01_016,0,data/clips/E01_016/ev00_f2077-2309_50s.mp4,30.000000,48.100000,12.900000,1830,0,0.871750,1.000000,0.000000,1270.804,390.634,1330.524,532.974,0.425215,max_f_ov,first,3.000,True,True
E01_016,0,data/clips/E01_016/ev00_f2077-2309_50s.mp4,30.000000,48.100000,13.000000,1833,0,0.000000,0.000000,1.000000,1681.318,216.723,1699.060,250.416,0.337253,max_f_ov,first,3.000,True,True
E01_016,0,data/clips/E01_016/ev00_f2077-2309_50s.mp4,30.000000,48.100000,13.100000,1836,0,0.000000,0.000000,1.000000,1681.057,216.081,1699.039,250.406,0.316074,max_f_ov,first,3.000,True,True
E01_016,0,data/clips/E01_016/ev00_f2077-2309_50s.mp4,30.000000,48.100000,13.300000,1842,0,0.833592,1.000000,0.000000,1271.014,387.806,1322.878,531.916,0.321104,max_f_ov,first,3.000,True,True
E01_016,0,data/clips/E01_016/ev00_f2077-2309_50s.mp4,30.000000,48.100000,13.400000,1845,0,0.824205,1.000000,0.000000,1271.089,387.511,1319.864,529.744,0.401232,max_f_ov,first,3.000,True,True
E01_016,0,data/clips/E01_016/ev00_f2077-2309_50s.mp4,30.000000,48.100000,13.500000,1848,0,0.871750,1.000000,0.000000,1271.200,383.113,1322.531,528.166,0.744333,max_f_ov,first,3.000,True,True
E01_016,0,data/clips/E01_016/ev00_f2077-2309_50s.mp4,30.000000,48.100000,13.600000,1851,0,0.809819,1.000000,0.000000,1270.295,385.570,1318.039,529.646,0.783612,max_f_ov,first,3.000,True,True
E01_016,0,data/clips/E01_016/ev00_f2077-2309_50s.mp4,30.000000,48.100000,13.700000,1854,0,0.824205,1.000000,0.000000,1269.634,386.485,1320.208,530.241,0.783356,max_f_ov,first,3.000,True,True
E01_016,0,data/clips/E01_016/ev00_f2077-2309_50s.mp4,30.000000,48.100000,13.800000,1857,0,0.840785,1.000000,0.000000,1270.489,384.554,1321.132,529.572,0.788110,max_f_ov,first,3.000,True,True
E01_016,0,data/clips/E01_016/ev00_f2077-2309_50s.mp4,30.000000,48.100000,13.900000,1860,0,0.840785,1.000000,0.000000,1270.270,386.544,1321.074,529.673,0.776739,max_f_ov,first,3.000,True,True
E01_016,0,data/clips/E01_016/ev00_f2077-2309_50s.mp4,30.000000,48.100000,14.000000,1863,0,0.809819,1.000000,0.000000,1268.903,387.856,1318.194,530.315,0.633916,max_f_ov,first,3.000,True,True
E01_016,0,data/clips/E01_016/ev00_f2077-2309_50s.mp4,30.000000,48.100000,14.100000,1866,0,0.809819,1.000000,0.000000,1268.841,388.018,1318.008,528.541,0.451085,max_f_ov,first,3.000,True,True
E01_016,0,data/clips/E01_016/ev00_f2077-2309_50s.mp4,30.000000,48.100000,14.300000,1872,0,0.833592,1.000000,0.000000,1269.628,387.643,1317.266,527.385,0.318335,max_f_ov,first,3.000,True,True
E01_016,0,data/clips/E01_016/ev00_f2077-2309_50s.mp4,30.000000,48.100000,14.400000,1875,0,0.817012,1.000000,0.000000,1269.111,386.742,1316.267,527.902,0.689420,max_f_ov,first,3.000,True,True
E01_016,0,data/clips/E01_016/ev00_f2077-2309_50s.mp4,30.000000,48.100000,14.500000,1878,0,0.817012,1.000000,0.000000,1269.510,385.734,1316.065,528.225,0.452552,max_f_ov,first,3.000,True,True
E01_016,0,data/clips/E01_016/ev00_f2077-2309_50s.mp4,30.000000,48.100000,14.600000,1881,0,0.817012,1.000000,0.000000,1269.537,386.185,1316.305,528.391,0.428265,max_f_ov,first,3.000,True,True
E01_016,0,data/clips/E01_016/ev00_f2077-2309_50s.mp4,30.000000,48.100000,14.700000,1884,0,0.817012,1.000000,0.000000,1269.789,386.709,1316.142,528.480,0.544797,max_f_ov,first,3.000,True,True
E01_016,0,data/clips/E01_016/ev00_f2077-2309_50s.mp4,30.000000,48.100000,14.800000,1887,0,0.817012,1.000000,0.000000,1269.232,387.251,1316.350,527.762,0.443491,max_f_ov,first,3.000,True,True
E01_016,0,data/clips/E01_016/ev00_f2077-2309_50s.mp4,30.000000,48.100000,14.900000,1890,0,0.809819,1.000000,0.000000,1267.540,381.503,1315.413,526.943,0.716902,max_f_ov,first,3.000,True,True
E01_016,0,data/clips/E01_016/ev00_f2077-2309_50s.mp4,30.000000,48.100000,15.000000,1893,0,0.793240,1.000000,0.000000,1267.324,383.444,1315.169,527.696,0.729902,max_f_ov,first,3.000,True,True
E01_016,0,data/clips/E01_016/ev00_f2077-2309_50s.mp4,30.000000,48.100000,15.100000,1896,0,0.762274,1.000000,0.000000,1266.514,375.466,1314.421,529.677,0.757401,max_f_ov,first,3.000,True,True
E01_016,0,data/clips/E01_016/ev00_f2077-2309_50s.mp4,30.000000,48.100000,15.200000,1899,0,0.000000,0.000000,1.000000,1681.949,219.931,1697.829,251.288,0.404186,max_f_ov,first,3.000,True,True
E01_016,0,data/clips/E01_016/ev00_f2077-2309_50s.mp4,30.000000,48.100000,15.300000,1902,0,0.769467,1.000000,0.000000,1266.885,387.008,1315.331,530.106,0.357954,max_f_ov,first,3.000,True,True
E01_016,0,data/clips/E01_016/ev00_f2077-2309_50s.mp4,30.000000,48.100000,15.400000,1905,0,0.000000,0.000000,1.000000,1681.814,219.803,1697.610,251.211,0.421149,max_f_ov,first,3.000,True,True
E01_016,0,data/clips/E01_016/ev00_f2077-2309_50s.mp4,30.000000,48.100000,15.500000,1908,0,0.721922,1.000000,0.000000,1265.622,386.830,1315.432,535.445,0.315548,max_f_ov,first,3.000,True,True
E01_016,0,data/clips/E01_016/ev00_f2077-2309_50s.mp4,30.000000,48.100000,15.600000,1911,0,0.000000,0.000000,1.000000,1681.881,219.207,1697.500,250.875,0.409989,max_f_ov,first,3.000,True,True
E01_016,0,data/clips/E01_016/ev00_f2077-2309_50s.mp4,30.000000,48.100000,15.700000,1914,0,0.000000,0.000000,1.000000,1681.961,219.161,1697.582,250.921,0.427458,max_f_ov,first,3.000,True,True
E01_016,0,data/clips/E01_016/ev00_f2077-2309_50s.mp4,30.000000,48.100000,15.800000,1917,0,0.643411,1.000000,0.000000,1263.927,384.674,1316.210,541.366,0.615908,max_f_ov,first,3.000,True,True
E01_016,0,data/clips/E01_016/ev00_f2077-2309_50s.mp4,30.000000,48.100000,15.900000,1920,0,0.650604,1.000000,0.000000,1258.056,387.171,1310.052,532.969,0.609010,max_f_ov,first,3.000,True,True
E01_016,0,data/clips/E01_016/ev00_f2077-2309_50s.mp4,30.000000,48.100000,16.000000,1923,0,0.579286,1.000000,0.000000,1252.458,387.507,1305.880,532.991,0.579599,max_f_ov,first,3.000,True,True
E01_016,0,data/clips/E01_016/ev00_f2077-2309_50s.mp4,30.000000,48.100000,16.100000,1926,0,0.000000,0.000000,1.000000,1682.271,217.869,1697.767,250.972,0.378971,max_f_ov,first,3.000,True,True
E01_016,0,data/clips/E01_016/ev00_f2077-2309_50s.mp4,30.000000,48.100000,16.200000,1929,0,0.595866,1.000000,0.000000,1250.564,388.232,1311.484,533.832,0.598699,max_f_ov,first,3.000,True,True
E01_016,0,data/clips/E01_016/ev00_f2077-2309_50s.mp4,30.000000,48.100000,16.300000,1932,0,0.000000,0.000000,1.000000,1682.049,217.927,1697.953,251.098,0.363607,max_f_ov,first,3.000,True,True
E01_016,0,data/clips/E01_016/ev00_f2077-2309_50s.mp4,30.000000,48.100000,16.400000,1935,0,0.000000,0.000000,1.000000,1681.990,217.578,1698.306,251.055,0.394550,max_f_ov,first,3.000,True,True
E01_016,0,data/clips/E01_016/ev00_f2077-2309_50s.mp4,30.000000,48.100000,16.500000,1938,0,0.436651,0.134172,0.000000,1242.470,388.921,1294.945,534.290,0.485442,max_f_ov,first,3.000,True,True
E01_016,0,data/clips/E01_016/ev00_f2077-2309_50s.mp4,30.000000,48.100000,16.600000,1941,0,0.381913,0.135531,0.000000,1229.909,391.719,1293.538,530.971,0.668293,max_f_ov,first,3.000,True,True
E01_016,0,data/clips/E01_016/ev00_f2077-2309_50s.mp4,30.000000,48.100000,16.700000,1944,0,0.000000,0.000000,1.000000,1681.967,217.635,1698.398,251.337,0.389629,max_f_ov,first,3.000,True,True
E01_016,0,data/clips/E01_016/ev00_f2077-2309_50s.mp4,30.000000,48.100000,16.800000,1947,0,0.000000,0.000000,1.000000,1681.976,217.077,1698.308,251.394,0.389101,max_f_ov,first,3.000,True,True
E01_016,0,data/clips/E01_016/ev00_f2077-2309_50s.mp4,30.000000,48.100000,16.900000,1950,0,0.056290,0.000000,0.000000,1200.511,386.795,1278.388,532.252,0.808804,max_f_ov,first,3.000,True,True
E01_016,0,data/clips/E01_016/ev00_f2077-2309_50s.mp4,30.000000,48.100000,17.200000,1959,0,0.120415,0.000000,0.000000,1197.692,376.428,1259.622,514.457,0.461336,max_f_ov,first,3.000,True,True
E01_016,0,data/clips/E01_016/ev00_f2077-2309_50s.mp4,30.000000,48.100000,17.300000,1962,0,0.000000,0.000000,0.000000,1194.013,373.578,1239.635,513.561,0.608054,max_f_ov,first,3.000,True,True
E01_016,0,data/clips/E01_016/ev00_f2077-2309_50s.mp4,30.000000,48.100000,17.400000,1965,0,0.000000,0.000000,1.000000,1681.667,218.649,1697.629,251.019,0.329536,max_f_ov,first,3.000,True,True
E01_016,0,data/clips/E01_016/ev00_f2077-2309_50s.mp4,30.000000,48.100000,17.500000,1968,0,0.000000,0.000000,1.000000,1681.713,218.730,1697.506,251.022,0.314856,max_f_ov,first,3.000,True,True
E01_016,0,data/clips/E01_016/ev00_f2077-2309_50s.mp4,30.000000,48.100000,17.600000,1971,0,0.000000,0.000000,1.000000,1156.140,369.151,1215.241,499.714,0.782209,max_f_ov,first,3.000,True,True
E01_016,0,data/clips/E01_016/ev00_f2077-2309_50s.mp4,30.000000,48.100000,17.800000,1977,0,0.000000,0.000000,1.000000,1145.540,341.479,1199.301,489.287,0.387166,max_f_ov,first,3.000,True,True
E01_016,0,data/clips/E01_016/ev00_f2077-2309_50s.mp4,30.000000,48.100000,17.900000,1980,0,0.000000,0.000000,1.000000,1130.725,330.802,1194.320,486.742,0.816085,max_f_ov,first,3.000,True,True
E01_016,0,data/clips/E01_016/ev00_f2077-2309_50s.mp4,30.000000,48.100000,18.000000,1983,0,0.000000,0.000000,1.000000,1113.493,346.890,1177.596,483.433,0.639362,max_f_ov,first,3.000,True,True
E01_016,0,data/clips/E01_016/ev00_f2077-2309_50s.mp4,30.000000,48.100000,18.100000,1986,0,0.000000,0.000000,1.000000,1109.849,337.701,1172.932,476.162,0.345683,max_f_ov,first,3.000,True,True
E01_016,0,data/clips/E01_016/ev00_f2077-2309_50s.mp4,30.000000,48.100000,18.200000,1989,1,0.000000,0.000000,1.000000,1109.023,324.114,1163.584,470.729,0.833645,max_f_ov,first,3.000,True,True
E01_016,0,data/clips/E01_016/ev00_f2077-2309_50s.mp4,30.000000,48.100000,18.300000,1992,1,0.000000,0.000000,1.000000,1106.232,319.814,1155.013,460.805,0.733140,max_f_ov,first,3.000,True,True
E01_016,0,data/clips/E01_016/ev00_f2077-2309_50s.mp4,30.000000,48.100000,18.500000,1998,1,0.000000,0.000000,1.000000,1681.114,217.542,1697.647,251.348,0.310389,max_f_ov,first,3.000,True,True
E01_016,0,data/clips/E01_016/ev00_f2077-2309_50s.mp4,30.000000,48.100000,18.600000,2001,1,0.000000,0.000000,1.000000,1679.896,218.107,1696.100,251.683,0.315423,max_f_ov,first,3.000,True,True
E01_016,0,data/clips/E01_016/ev00_f2077-2309_50s.mp4,30.000000,48.100000,18.700000,2004,1,0.000000,0.000000,1.000000,1086.823,326.543,1133.435,443.877,0.650226,max_f_ov,first,3.000,True,True
E01_016,0,data/clips/E01_016/ev00_f2077-2309_50s.mp4,30.000000,48.100000,18.800000,2007,1,0.000000,0.000000,1.000000,1082.225,323.695,1130.571,441.176,0.757800,max_f_ov,first,3.000,True,True
E01_016,0,data/clips/E01_016/ev00_f2077-2309_50s.mp4,30.000000,48.100000,18.900000,2010,1,0.000000,0.000000,1.000000,1074.833,316.123,1133.694,438.609,0.761580,max_f_ov,first,3.000,True,True
E01_016,0,data/clips/E01_016/ev00_f2077-2309_50s.mp4,30.000000,48.100000,19.000000,2013,1,0.000000,0.000000,1.000000,1075.769,296.686,1131.347,437.470,0.589671,max_f_ov,first,3.000,True,True
E01_016,0,data/clips/E01_016/ev00_f2077-2309_50s.mp4,30.000000,48.100000,19.100000,2016,1,0.000000,0.000000,1.000000,1070.327,313.563,1129.135,441.267,0.320625,max_f_ov,first,3.000,True,True
E01_016,0,data/clips/E01_016/ev00_f2077-2309_50s.mp4,30.000000,48.100000,19.200000,2019,1,0.000000,0.000000,1.000000,1068.645,294.392,1125.621,426.099,0.752656,max_f_ov,first,3.000,True,True
E01_016,0,data/clips/E01_016/ev00_f2077-2309_50s.mp4,30.000000,48.100000,19.300000,2022,1,0.000000,0.000000,1.000000,1070.734,290.929,1125.135,429.092,0.761239,max_f_ov,first,3.000,True,True
E01_016,0,data/clips/E01_016/ev00_f2077-2309_50s.mp4,30.000000,48.100000,19.400000,2025,1,0.000000,0.000000,1.000000,1071.355,287.056,1125.043,427.148,0.765508,max_f_ov,first,3.000,True,True
E01_016,0,data/clips/E01_016/ev00_f2077-2309_50s.mp4,30.000000,48.100000,19.500000,2028,1,0.000000,0.000000,1.000000,1072.769,285.939,1124.085,427.453,0.744097,max_f_ov,first,3.000,True,True
E01_016,0,data/clips/E01_016/ev00_f2077-2309_50s.mp4,30.000000,48.100000,19.600000,2031,1,0.000000,0.000000,1.000000,1072.713,301.527,1126.652,424.657,0.689114,max_f_ov,first,3.000,True,True
E01_016,0,data/clips/E01_016/ev00_f2077-2309_50s.mp4,30.000000,48.100000,19.700000,2034,1,0.000000,0.000000,1.000000,1077.135,284.941,1129.032,412.808,0.774298,max_f_ov,first,3.000,True,True
E01_016,0,data/clips/E01_016/ev00_f2077-2309_50s.mp4,30.000000,48.100000,19.800000,2037,1,0.000000,0.000000,1.000000,1074.115,280.481,1130.619,407.137,0.704166,max_f_ov,first,3.000,True,True
E01_016,0,data/clips/E01_016/ev00_f2077-2309_50s.mp4,30.000000,48.100000,19.900000,2040,1,0.000000,0.000000,1.000000,1090.986,284.699,1137.224,405.741,0.413062,max_f_ov,first,3.000,True,True
E01_016,0,data/clips/E01_016/ev00_f2077-2309_50s.mp4,30.000000,48.100000,21.100000,2076,1,0.000000,0.000000,1.000000,1679.793,219.463,1696.843,251.881,0.314175,max_f_ov,first,3.000,True,True
E01_016,0,data/clips/E01_016/ev00_f2077-2309_50s.mp4,30.000000,48.100000,21.400000,2085,2,0.741306,0.000000,1.000000,1156.777,270.624,1205.287,379.557,0.482359,max_f_ov,first,3.000,True,True
E01_016,0,data/clips/E01_016/ev00_f2077-2309_50s.mp4,30.000000,48.100000,21.500000,2088,2,0.636828,0.000000,1.000000,1157.093,269.512,1195.163,377.245,0.335144,max_f_ov,first,3.000,True,True
E01_016,0,data/clips/E01_016/ev00_f2077-2309_50s.mp4,30.000000,48.100000,21.600000,2091,2,0.871750,0.037078,1.000000,1157.934,242.014,1218.320,381.647,0.571363,max_f_ov,first,3.000,True,True
E01_016,0,data/clips/E01_016/ev00_f2077-2309_50s.mp4,30.000000,48.100000,21.700000,2094,2,0.840785,0.000000,1.000000,1157.711,240.576,1218.523,378.760,0.477628,max_f_ov,first,3.000,True,True
E01_016,0,data/clips/E01_016/ev00_f2077-2309_50s.mp4,30.000000,48.100000,21.800000,2097,2,0.919295,0.222222,1.000000,1160.903,240.555,1219.678,384.260,0.395445,max_f_ov,first,3.000,True,True
E01_016,0,data/clips/E01_016/ev00_f2077-2309_50s.mp4,30.000000,48.100000,21.900000,2100,2,0.847977,0.000000,1.000000,1162.777,241.527,1219.409,377.910,0.393827,max_f_ov,first,3.000,True,True
E01_016,0,data/clips/E01_016/ev00_f2077-2309_50s.mp4,30.000000,48.100000,22.000000,2103,2,0.838590,0.000000,1.000000,1164.849,240.915,1218.284,376.710,0.480026,max_f_ov,first,3.000,True,True
E01_016,0,data/clips/E01_016/ev00_f2077-2309_50s.mp4,30.000000,48.100000,22.200000,2109,2,0.928682,0.051086,1.000000,1166.329,242.258,1219.447,381.757,0.363644,max_f_ov,first,3.000,True,True
E01_016,0,data/clips/E01_016/ev00_f2077-2309_50s.mp4,30.000000,48.100000,22.300000,2112,2,0.000000,0.000000,1.000000,1605.408,236.014,1622.741,272.627,0.375183,max_f_ov,first,3.000,True,True
E01_016,0,data/clips/E01_016/ev00_f2077-2309_50s.mp4,30.000000,48.100000,22.400000,2115,2,0.000000,0.000000,1.000000,1609.878,235.435,1626.205,272.110,0.475107,max_f_ov,first,3.000,True,True
E01_016,0,data/clips/E01_016/ev00_f2077-2309_50s.mp4,30.000000,48.100000,22.500000,2118,2,0.000000,0.000000,1.000000,1610.147,234.928,1629.775,274.084,0.606284,max_f_ov,first,3.000,True,True
E01_016,0,data/clips/E01_016/ev00_f2077-2309_50s.mp4,30.000000,48.100000,22.600000,2121,2,0.000000,0.000000,1.000000,1613.101,235.626,1632.551,275.536,0.623359,max_f_ov,first,3.000,True,True
E01_016,0,data/clips/E01_016/ev00_f2077-2309_50s.mp4,30.000000,48.100000,22.700000,2124,2,0.000000,0.000000,1.000000,1613.782,234.844,1633.673,276.380,0.722150,max_f_ov,first,3.000,True,True
E01_016,0,data/clips/E01_016/ev00_f2077-2309_50s.mp4,30.000000,48.100000,22.800000,2127,2,0.000000,0.000000,1.000000,1616.718,234.885,1634.748,277.208,0.717950,max_f_ov,first,3.000,True,True
E01_016,0,data/clips/E01_016/ev00_f2077-2309_50s.mp4,30.000000,48.100000,22.900000,2130,2,0.000000,0.000000,1.000000,1618.438,234.459,1636.512,278.848,0.759611,max_f_ov,first,3.000,True,True
E01_016,0,data/clips/E01_016/ev00_f2077-2309_50s.mp4,30.000000,48.100000,23.000000,2133,2,0.000000,0.000000,1.000000,1618.919,234.172,1638.429,279.966,0.745786,max_f_ov,first,3.000,True,True
E01_016,0,data/clips/E01_016/ev00_f2077-2309_50s.mp4,30.000000,48.100000,23.100000,2136,2,0.000000,0.000000,1.000000,1619.378,235.379,1640.012,280.718,0.720725,max_f_ov,first,3.000,True,True
E01_016,0,data/clips/E01_016/ev00_f2077-2309_50s.mp4,30.000000,48.100000,23.200000,2139,2,0.000000,0.000000,1.000000,1622.014,235.333,1643.192,280.115,0.602924,max_f_ov,first,3.000,True,True
E01_016,0,data/clips/E01_016/ev00_f2077-2309_50s.mp4,30.000000,48.100000,23.300000,2142,2,0.000000,0.000000,1.000000,1623.790,236.095,1644.863,282.810,0.708146,max_f_ov,first,3.000,True,True
E01_016,0,data/clips/E01_016/ev00_f2077-2309_50s.mp4,30.000000,48.100000,23.400000,2145,2,0.000000,0.000000,1.000000,1625.019,235.862,1650.573,283.518,0.601576,max_f_ov,first,3.000,True,True
E01_016,0,data/clips/E01_016/ev00_f2077-2309_50s.mp4,30.000000,48.100000,23.500000,2148,2,0.000000,0.000000,1.000000,1628.189,234.552,1650.479,283.169,0.714117,max_f_ov,first,3.000,True,True
E01_016,0,data/clips/E01_016/ev00_f2077-2309_50s.mp4,30.000000,48.100000,23.600000,2151,2,0.000000,0.000000,1.000000,1630.821,233.716,1651.067,282.998,0.757644,max_f_ov,first,3.000,True,True
E01_016,0,data/clips/E01_016/ev00_f2077-2309_50s.mp4,30.000000,48.100000,23.700000,2154,2,0.000000,0.000000,1.000000,1632.752,233.721,1652.631,283.145,0.769038,max_f_ov,first,3.000,True,True
E01_016,0,data/clips/E01_016/ev00_f2077-2309_50s.mp4,30.000000,48.100000,23.800000,2157,2,0.000000,0.000000,1.000000,1633.534,234.959,1654.278,283.167,0.750317,max_f_ov,first,3.000,True,True
E01_016,0,data/clips/E01_016/ev00_f2077-2309_50s.mp4,30.000000,48.100000,23.900000,2160,2,0.000000,0.000000,1.000000,1635.784,235.855,1654.490,283.873,0.769561,max_f_ov,first,3.000,True,True
E01_016,0,data/clips/E01_016/ev00_f2077-2309_50s.mp4,30.000000,48.100000,24.000000,2163,2,0.000000,0.000000,1.000000,1636.534,232.125,1654.885,285.599,0.786959,max_f_ov,first,3.000,True,True
E01_016,0,data/clips/E01_016/ev00_f2077-2309_50s.mp4,30.000000,48.100000,24.100000,2166,2,0.000000,0.000000,1.000000,1636.936,231.682,1656.525,286.340,0.785153,max_f_ov,first,3.000,True,True
E01_016,0,data/clips/E01_016/ev00_f2077-2309_50s.mp4,30.000000,48.100000,24.200000,2169,2,0.000000,0.000000,1.000000,1635.614,232.452,1657.670,288.616,0.721387,max_f_ov,first,3.000,True,True
E01_016,0,data/clips/E01_016/ev00_f2077-2309_50s.mp4,30.000000,48.100000,24.300000,2172,2,0.000000,0.000000,1.000000,1636.276,233.188,1658.849,289.466,0.729107,max_f_ov,first,3.000,True,True
E01_016,0,data/clips/E01_016/ev00_f2077-2309_50s.mp4,30.000000,48.100000,24.400000,2175,2,0.000000,0.000000,1.000000,1638.441,235.455,1661.006,289.408,0.745932,max_f_ov,first,3.000,True,True
E01_016,0,data/clips/E01_016/ev00_f2077-2309_50s.mp4,30.000000,48.100000,24.500000,2178,2,0.000000,0.000000,1.000000,1640.153,234.573,1662.629,289.014,0.736405,max_f_ov,first,3.000,True,True
E01_016,0,data/clips/E01_016/ev00_f2077-2309_50s.mp4,30.000000,48.100000,24.600000,2181,2,0.000000,0.000000,1.000000,1642.915,236.460,1664.146,288.876,0.647810,max_f_ov,first,3.000,True,True
E01_016,0,data/clips/E01_016/ev00_f2077-2309_50s.mp4,30.000000,48.100000,24.700000,2184,2,0.000000,0.000000,1.000000,1644.748,234.465,1665.848,288.471,0.718221,max_f_ov,first,3.000,True,True
E01_016,0,data/clips/E01_016/ev00_f2077-2309_50s.mp4,30.000000,48.100000,24.800000,2187,2,0.000000,0.000000,1.000000,1645.609,233.897,1666.059,288.619,0.721976,max_f_ov,first,3.000,True,True
E01_016,0,data/clips/E01_016/ev00_f2077-2309_50s.mp4,30.000000,48.100000,24.900000,2190,2,0.000000,0.000000,1.000000,1646.286,233.720,1665.701,288.363,0.708443,max_f_ov,first,3.000,True,True
E01_016,0,data/clips/E01_016/ev00_f2077-2309_50s.mp4,30.000000,48.100000,25.000000,2193,2,0.000000,0.000000,1.000000,1646.372,232.602,1665.336,288.746,0.755534,max_f_ov,first,3.000,True,True
E01_016,0,data/clips/E01_016/ev00_f2077-2309_50s.mp4,30.000000,48.100000,25.100000,2196,2,0.000000,0.000000,1.000000,1646.422,227.699,1666.489,288.590,0.808214,max_f_ov,first,3.000,True,True
E01_016,0,data/clips/E01_016/ev00_f2077-2309_50s.mp4,30.000000,48.100000,25.200000,2199,2,0.000000,0.000000,1.000000,1645.826,226.964,1667.681,290.007,0.814610,max_f_ov,first,3.000,True,True
E01_016,0,data/clips/E01_016/ev00_f2077-2309_50s.mp4,30.000000,48.100000,25.300000,2202,2,0.000000,0.000000,1.000000,1645.992,227.369,1667.571,289.422,0.806876,max_f_ov,first,3.000,True,True
E01_016,0,data/clips/E01_016/ev00_f2077-2309_50s.mp4,30.000000,48.100000,25.400000,2205,2,0.000000,0.000000,1.000000,1646.189,227.942,1669.379,289.478,0.786485,max_f_ov,first,3.000,True,True
E01_016,0,data/clips/E01_016/ev00_f2077-2309_50s.mp4,30.000000,48.100000,25.500000,2208,2,0.000000,0.000000,1.000000,1646.850,228.796,1671.172,289.733,0.780135,max_f_ov,first,3.000,True,True
E01_016,0,data/clips/E01_016/ev00_f2077-2309_50s.mp4,30.000000,48.100000,25.600000,2211,2,0.000000,0.000000,1.000000,1648.366,228.561,1671.491,287.947,0.771780,max_f_ov,first,3.000,True,True
E01_016,0,data/clips/E01_016/ev00_f2077-2309_50s.mp4,30.000000,48.100000,25.700000,2214,2,0.000000,0.000000,1.000000,1651.201,225.821,1672.364,287.053,0.779581,max_f_ov,first,3.000,True,True
E01_016,0,data/clips/E01_016/ev00_f2077-2309_50s.mp4,30.000000,48.100000,25.800000,2217,2,0.000000,0.000000,1.000000,1651.933,223.935,1673.401,287.836,0.684854,max_f_ov,first,3.000,True,True
E01_016,0,data/clips/E01_016/ev00_f2077-2309_50s.mp4,30.000000,48.100000,25.900000,2220,2,0.000000,0.000000,1.000000,1653.152,224.152,1674.304,288.785,0.642464,max_f_ov,first,3.000,True,True
E01_016,0,data/clips/E01_016/ev00_f2077-2309_50s.mp4,30.000000,48.100000,26.000000,2223,2,0.000000,0.000000,1.000000,1653.577,221.320,1675.065,286.500,0.663440,max_f_ov,first,3.000,True,True
E01_016,0,data/clips/E01_016/ev00_f2077-2309_50s.mp4,30.000000,48.100000,26.100000,2226,2,0.000000,0.000000,1.000000,1653.806,221.040,1675.773,285.288,0.636634,max_f_ov,first,3.000,True,True
E01_016,0,data/clips/E01_016/ev00_f2077-2309_50s.mp4,30.000000,48.100000,26.200000,2229,2,0.000000,0.000000,1.000000,1653.988,220.865,1677.750,284.995,0.681677,max_f_ov,first,3.000,True,True
E01_016,0,data/clips/E01_016/ev00_f2077-2309_50s.mp4,30.000000,48.100000,26.300000,2232,2,0.000000,0.000000,1.000000,1654.214,220.943,1679.263,284.012,0.663874,max_f_ov,first,3.000,True,True
E01_016,0,data/clips/E01_016/ev00_f2077-2309_50s.mp4,30.000000,48.100000,26.400000,2235,2,0.000000,0.000000,1.000000,1655.628,222.020,1680.507,283.444,0.538281,max_f_ov,first,3.000,True,True
E01_016,0,data/clips/E01_016/ev00_f2077-2309_50s.mp4,30.000000,48.100000,26.500000,2238,2,0.000000,0.000000,1.000000,1656.294,220.239,1685.518,282.979,0.464488,max_f_ov,first,3.000,True,True
E01_016,0,data/clips/E01_016/ev00_f2077-2309_50s.mp4,30.000000,48.100000,26.600000,2241,2,0.000000,0.000000,1.000000,1661.501,221.863,1686.459,282.494,0.625299,max_f_ov,first,3.000,True,True
E01_016,0,data/clips/E01_016/ev00_f2077-2309_50s.mp4,30.000000,48.100000,26.700000,2244,2,0.000000,0.000000,1.000000,1665.758,221.121,1688.958,281.504,0.565528,max_f_ov,first,3.000,True,True
E01_016,0,data/clips/E01_016/ev00_f2077-2309_50s.mp4,30.000000,48.100000,26.800000,2247,2,0.000000,0.000000,1.000000,1667.759,220.402,1688.791,280.205,0.607535,max_f_ov,first,3.000,True,True
E01_016,0,data/clips/E01_016/ev00_f2077-2309_50s.mp4,30.000000,48.100000,26.900000,2250,2,0.000000,0.000000,1.000000,1666.463,221.353,1692.947,282.837,0.620499,max_f_ov,first,3.000,True,True
E01_016,0,data/clips/E01_016/ev00_f2077-2309_50s.mp4,30.000000,48.100000,27.000000,2253,2,0.000000,0.000000,1.000000,1667.578,221.354,1698.092,283.015,0.620131,max_f_ov,first,3.000,True,True
E01_016,0,data/clips/E01_016/ev00_f2077-2309_50s.mp4,30.000000,48.100000,27.100000,2256,2,0.000000,0.000000,1.000000,1670.398,220.841,1701.729,282.374,0.572227,max_f_ov,first,3.000,True,True
E01_016,0,data/clips/E01_016/ev00_f2077-2309_50s.mp4,30.000000,48.100000,27.200000,2259,2,0.000000,0.000000,1.000000,1677.369,219.609,1702.861,279.949,0.660875,max_f_ov,first,3.000,True,True
E01_016,0,data/clips/E01_016/ev00_f2077-2309_50s.mp4,30.000000,48.100000,27.300000,2262,2,0.000000,0.000000,1.000000,1681.085,218.938,1705.329,282.093,0.557864,max_f_ov,first,3.000,True,True
E01_016,0,data/clips/E01_016/ev00_f2077-2309_50s.mp4,30.000000,48.100000,27.400000,2265,2,0.000000,0.000000,1.000000,1682.675,219.282,1703.882,277.972,0.638064,max_f_ov,first,3.000,True,True
E01_016,0,data/clips/E01_016/ev00_f2077-2309_50s.mp4,30.000000,48.100000,27.500000,2268,2,0.000000,0.000000,1.000000,1684.004,220.151,1704.729,278.490,0.486800,max_f_ov,first,3.000,True,True
E01_016,0,data/clips/E01_016/ev00_f2077-2309_50s.mp4,30.000000,48.100000,27.600000,2271,2,0.000000,0.000000,1.000000,1691.397,222.392,1710.964,279.128,0.378787,max_f_ov,first,3.000,True,True
E01_016,0,data/clips/E01_016/ev00_f2077-2309_50s.mp4,30.000000,48.100000,27.700000,2274,2,0.000000,0.000000,1.000000,1682.302,220.298,1708.219,276.123,0.346323,max_f_ov,first,3.000,True,True
E01_016,0,data/clips/E01_016/ev00_f2077-2309_50s.mp4,30.000000,48.100000,28.100000,2286,2,0.000000,0.000000,1.000000,1692.699,225.594,1711.753,274.657,0.317560,max_f_ov,first,3.000,True,True
E01_016,0,data/clips/E01_016/ev00_f2077-2309_50s.mp4,30.000000,48.100000,28.900000,2310,1,0.000000,0.000000,1.000000,1599.349,187.142,1621.023,216.685,0.306384,max_f_ov,first,3.000,True,True
E01_016,0,data/clips/E01_016/ev00_f2077-2309_50s.mp4,30.000000,48.100000,29.400000,2325,1,0.000000,0.000000,1.000000,1599.053,188.375,1620.551,216.733,0.303181,max_f_ov,first,3.000,True,True
E01_016,0,data/clips/E01_016/ev00_f2077-2309_50s.mp4,30.000000,48.100000,29.900000,2340,1,0.000000,0.000000,1.000000,1598.436,187.783,1620.934,216.692,0.345884,max_f_ov,first,3.000,True,True
E01_016,0,data/clips/E01_016/ev00_f2077-2309_50s.mp4,30.000000,48.100000,30.900000,2370,1,0.000000,0.000000,1.000000,1680.171,218.933,1696.343,250.804,0.336836,max_f_ov,first,3.000,True,True
E01_016,0,data/clips/E01_016/ev00_f2077-2309_50s.mp4,30.000000,48.100000,31.300000,2382,1,0.000000,0.000000,1.000000,1679.856,219.476,1694.557,251.050,0.313717,max_f_ov,first,3.000,True,True
E01_016,0,data/clips/E01_016/ev00_f2077-2309_50s.mp4,30.000000,48.100000,31.400000,2385,1,0.000000,0.000000,1.000000,1679.721,219.573,1694.834,251.085,0.306466,max_f_ov,first,3.000,True,True
E01_016,0,data/clips/E01_016/ev00_f2077-2309_50s.mp4,30.000000,48.100000,32.000000,2403,0,0.000000,0.000000,1.000000,1679.746,219.252,1694.965,251.112,0.328916,max_f_ov,first,3.000,True,True
E01_016,0,data/clips/E01_016/ev00_f2077-2309_50s.mp4,30.000000,48.100000,32.200000,2409,0,0.000000,0.000000,1.000000,1679.840,219.589,1695.042,251.021,0.344997,max_f_ov,first,3.000,True,True
E01_016,0,data/clips/E01_016/ev00_f2077-2309_50s.mp4,30.000000,48.100000,32.300000,2412,0,0.000000,0.000000,1.000000,1680.025,219.759,1694.840,251.144,0.312072,max_f_ov,first,3.000,True,True
E01_016,0,data/clips/E01_016/ev00_f2077-2309_50s.mp4,30.000000,48.100000,32.400000,2415,0,0.000000,0.000000,1.000000,1679.859,219.605,1695.047,251.196,0.333683,max_f_ov,first,3.000,True,True
E01_016,0,data/clips/E01_016/ev00_f2077-2309_50s.mp4,30.000000,48.100000,32.500000,2418,0,0.000000,0.000000,1.000000,1679.818,219.629,1696.095,251.264,0.355381,max_f_ov,first,3.000,True,True
E01_016,0,data/clips/E01_016/ev00_f2077-2309_50s.mp4,30.000000,48.100000,32.700000,2424,0,0.000000,0.000000,1.000000,1680.089,218.364,1696.769,250.990,0.302547,max_f_ov,first,3.000,True,True
E01_016,0,data/clips/E01_016/ev00_f2077-2309_50s.mp4,30.000000,48.100000,32.800000,2427,0,0.000000,0.000000,1.000000,1679.958,218.167,1697.329,251.048,0.330937,max_f_ov,first,3.000,True,True
E01_016,0,data/clips/E01_016/ev00_f2077-2309_50s.mp4,30.000000,48.100000,36.300000,2532,0,0.000000,0.000000,1.000000,1637.257,263.952,1662.718,293.015,0.341051,max_f_ov,first,3.000,True,True
E01_016,0,data/clips/E01_016/ev00_f2077-2309_50s.mp4,30.000000,48.100000,36.400000,2535,0,0.000000,0.000000,1.000000,1637.559,260.799,1663.430,292.057,0.500262,max_f_ov,first,3.000,True,True
E01_016,0,data/clips/E01_016/ev00_f2077-2309_50s.mp4,30.000000,48.100000,36.500000,2538,0,0.000000,0.000000,1.000000,1636.352,260.235,1665.522,293.091,0.624908,max_f_ov,first,3.000,True,True
E01_016,0,data/clips/E01_016/ev00_f2077-2309_50s.mp4,30.000000,48.100000,36.600000,2541,0,0.000000,0.000000,1.000000,1642.578,261.402,1661.934,291.847,0.618357,max_f_ov,first,3.000,True,True
E01_016,0,data/clips/E01_016/ev00_f2077-2309_50s.mp4,30.000000,48.100000,36.700000,2544,0,0.000000,0.000000,1.000000,1646.780,260.741,1662.826,293.078,0.571487,max_f_ov,first,3.000,True,True
E01_016,0,data/clips/E01_016/ev00_f2077-2309_50s.mp4,30.000000,48.100000,36.800000,2547,0,0.000000,0.000000,1.000000,1647.950,259.490,1665.143,294.726,0.601893,max_f_ov,first,3.000,True,True
E01_016,0,data/clips/E01_016/ev00_f2077-2309_50s.mp4,30.000000,48.100000,36.900000,2550,0,0.000000,0.000000,1.000000,1641.130,259.256,1668.567,294.042,0.714353,max_f_ov,first,3.000,True,True
E01_016,0,data/clips/E01_016/ev00_f2077-2309_50s.mp4,30.000000,48.100000,37.000000,2553,0,0.000000,0.000000,1.000000,1644.824,259.416,1670.829,293.736,0.810017,max_f_ov,first,3.000,True,True
E01_016,0,data/clips/E01_016/ev00_f2077-2309_50s.mp4,30.000000,48.100000,37.100000,2556,0,0.000000,0.000000,1.000000,1645.689,259.138,1672.475,294.641,0.767114,max_f_ov,first,3.000,True,True
E01_016,0,data/clips/E01_016/ev00_f2077-2309_50s.mp4,30.000000,48.100000,37.200000,2559,0,0.000000,0.000000,1.000000,1646.283,258.423,1673.672,298.912,0.759533,max_f_ov,first,3.000,True,True
E01_016,0,data/clips/E01_016/ev00_f2077-2309_50s.mp4,30.000000,48.100000,37.300000,2562,0,0.000000,0.000000,1.000000,1646.236,257.234,1673.763,297.591,0.716614,max_f_ov,first,3.000,True,True
E01_016,0,data/clips/E01_016/ev00_f2077-2309_50s.mp4,30.000000,48.100000,37.400000,2565,0,0.000000,0.000000,1.000000,1646.400,253.776,1675.850,298.639,0.673472,max_f_ov,first,3.000,True,True
E01_016,0,data/clips/E01_016/ev00_f2077-2309_50s.mp4,30.000000,48.100000,37.500000,2568,0,0.000000,0.000000,1.000000,1655.578,254.340,1677.095,299.839,0.634920,max_f_ov,first,3.000,True,True
E01_016,0,data/clips/E01_016/ev00_f2077-2309_50s.mp4,30.000000,48.100000,37.600000,2571,0,0.000000,0.000000,1.000000,1651.386,253.970,1678.247,301.933,0.743498,max_f_ov,first,3.000,True,True
E01_016,0,data/clips/E01_016/ev00_f2077-2309_50s.mp4,30.000000,48.100000,37.700000,2574,0,0.000000,0.000000,1.000000,1650.866,254.962,1679.562,302.008,0.747081,max_f_ov,first,3.000,True,True
E01_016,0,data/clips/E01_016/ev00_f2077-2309_50s.mp4,30.000000,48.100000,37.800000,2577,0,0.000000,0.000000,1.000000,1652.600,254.828,1681.006,300.473,0.765001,max_f_ov,first,3.000,True,True
E01_016,0,data/clips/E01_016/ev00_f2077-2309_50s.mp4,30.000000,48.100000,37.900000,2580,0,0.000000,0.000000,1.000000,1655.130,252.493,1685.159,300.895,0.569522,max_f_ov,first,3.000,True,True
E01_016,0,data/clips/E01_016/ev00_f2077-2309_50s.mp4,30.000000,48.100000,38.000000,2583,0,0.000000,0.000000,1.000000,1657.232,251.366,1688.144,301.542,0.794618,max_f_ov,first,3.000,True,True
E01_016,0,data/clips/E01_016/ev00_f2077-2309_50s.mp4,30.000000,48.100000,38.100000,2586,0,0.000000,0.000000,1.000000,1657.936,251.992,1689.690,300.707,0.695917,max_f_ov,first,3.000,True,True
E01_016,0,data/clips/E01_016/ev00_f2077-2309_50s.mp4,30.000000,48.100000,38.200000,2589,0,0.000000,0.000000,1.000000,1659.229,251.755,1691.015,301.714,0.630306,max_f_ov,first,3.000,True,True
E01_016,0,data/clips/E01_016/ev00_f2077-2309_50s.mp4,30.000000,48.100000,38.300000,2592,0,0.000000,0.000000,1.000000,1661.552,251.468,1691.794,302.535,0.702915,max_f_ov,first,3.000,True,True
E01_016,0,data/clips/E01_016/ev00_f2077-2309_50s.mp4,30.000000,48.100000,38.400000,2595,0,0.000000,0.000000,1.000000,1661.866,249.037,1692.430,303.355,0.322081,max_f_ov,first,3.000,True,True
E01_016,0,data/clips/E01_016/ev00_f2077-2309_50s.mp4,30.000000,48.100000,38.500000,2598,0,0.000000,0.000000,1.000000,1665.921,239.098,1692.865,304.184,0.443152,max_f_ov,first,3.000,True,True
E01_016,0,data/clips/E01_016/ev00_f2077-2309_50s.mp4,30.000000,48.100000,39.300000,2622,0,0.000000,0.000000,1.000000,1674.638,247.339,1708.034,308.066,0.414436,max_f_ov,first,3.000,True,True
E01_016,0,data/clips/E01_016/ev00_f2077-2309_50s.mp4,30.000000,48.100000,39.400000,2625,0,0.000000,0.000000,1.000000,1677.742,247.242,1707.986,309.013,0.588411,max_f_ov,first,3.000,True,True
E01_016,0,data/clips/E01_016/ev00_f2077-2309_50s.mp4,30.000000,48.100000,39.600000,2631,0,0.000000,0.000000,1.000000,1678.428,241.939,1708.902,309.956,0.534702,max_f_ov,first,3.000,True,True
E01_016,0,data/clips/E01_016/ev00_f2077-2309_50s.mp4,30.000000,48.100000,39.700000,2634,0,0.000000,0.000000,1.000000,1678.965,243.472,1708.426,309.965,0.621458,max_f_ov,first,3.000,True,True
E01_016,0,data/clips/E01_016/ev00_f2077-2309_50s.mp4,30.000000,48.100000,39.800000,2637,0,0.000000,0.000000,1.000000,1681.214,245.333,1710.564,312.180,0.683423,max_f_ov,first,3.000,True,True
E01_016,0,data/clips/E01_016/ev00_f2077-2309_50s.mp4,30.000000,48.100000,39.900000,2640,0,0.000000,0.000000,1.000000,1682.795,246.486,1711.044,311.802,0.512684,max_f_ov,first,3.000,True,True
E01_016,0,data/clips/E01_016/ev00_f2077-2309_50s.mp4,30.000000,48.100000,40.000000,2643,0,0.000000,0.000000,1.000000,1684.558,245.512,1713.212,311.223,0.397153,max_f_ov,first,3.000,True,True
E01_016,0,data/clips/E01_016/ev00_f2077-2309_50s.mp4,30.000000,48.100000,42.900000,2730,0,0.000000,0.000000,1.000000,1680.050,219.490,1695.106,251.759,0.319093,max_f_ov,first,3.000,True,True
E01_016,0,data/clips/E01_016/ev00_f2077-2309_50s.mp4,30.000000,48.100000,43.000000,2733,0,0.000000,0.000000,1.000000,1680.431,219.667,1695.079,251.613,0.390582,max_f_ov,first,3.000,True,True
E01_016,0,data/clips/E01_016/ev00_f2077-2309_50s.mp4,30.000000,48.100000,43.100000,2736,0,0.000000,0.000000,1.000000,1680.673,219.353,1695.713,251.626,0.426667,max_f_ov,first,3.000,True,True
E01_016,0,data/clips/E01_016/ev00_f2077-2309_50s.mp4,30.000000,48.100000,43.200000,2739,0,0.000000,0.000000,1.000000,1680.720,219.462,1695.272,251.238,0.399206,max_f_ov,first,3.000,True,True
E01_016,0,data/clips/E01_016/ev00_f2077-2309_50s.mp4,30.000000,48.100000,43.300000,2742,0,0.000000,0.000000,1.000000,1680.810,219.547,1694.995,251.393,0.367931,max_f_ov,first,3.000,True,True
E01_016,0,data/clips/E01_016/ev00_f2077-2309_50s.mp4,30.000000,48.100000,43.400000,2745,0,0.000000,0.000000,1.000000,1680.854,219.606,1695.298,251.052,0.370773,max_f_ov,first,3.000,True,True
E01_016,0,data/clips/E01_016/ev00_f2077-2309_50s.mp4,30.000000,48.100000,43.500000,2748,0,0.000000,0.000000,1.000000,1680.708,219.448,1694.956,251.032,0.350265,max_f_ov,first,3.000,True,True
E01_016,0,data/clips/E01_016/ev00_f2077-2309_50s.mp4,30.000000,48.100000,43.700000,2754,0,0.000000,0.000000,1.000000,1681.111,219.574,1694.918,250.953,0.304094,max_f_ov,first,3.000,True,True
E01_016,0,data/clips/E01_016/ev00_f2077-2309_50s.mp4,30.000000,48.100000,43.800000,2757,0,0.000000,0.000000,1.000000,1681.097,219.601,1695.036,251.297,0.331226,max_f_ov,first,3.000,True,True
E01_016,0,data/clips/E01_016/ev00_f2077-2309_50s.mp4,30.000000,48.100000,44.000000,2763,0,0.000000,0.000000,1.000000,1681.299,219.751,1694.776,250.575,0.303543,max_f_ov,first,3.000,True,True
E01_016,0,data/clips/E01_016/ev00_f2077-2309_50s.mp4,30.000000,48.100000,44.100000,2766,0,0.000000,0.000000,1.000000,1681.262,219.745,1694.833,250.531,0.307169,max_f_ov,first,3.000,True,True
E01_016,0,data/clips/E01_016/ev00_f2077-2309_50s.mp4,30.000000,48.100000,46.800000,2847,0,0.000000,0.000000,1.000000,1681.345,219.456,1698.555,249.135,0.316097,max_f_ov,first,3.000,True,True
